<?xml version="1.0" encoding="utf-8"?>
<OfficeApp xmlns="http://schemas.microsoft.com/office/appforoffice/1.1" 
    xmlns:xsi="http://www.w3.org/2001/XMLSchema-instance" 
    xsi:type="TaskPaneApp">
  <Id>08afd7fe-1631-42f4-84f1-5ba51e2d435a</Id>
  <Version>1.0</Version>
  <ProviderName>mnstory.net</ProviderName>
  <DefaultLocale>zh-CN</DefaultLocale>
  <DisplayName DefaultValue="Clean Html Export"/>
  <Description DefaultValue="Export contents as Html format which fit my blog"/>
  <IconUrl DefaultValue=
    "http://officeimg.vo.msecnd.net/_layouts/images/general/office_logo.jpg"/>

  <Hosts>
    <Host Name="Document"/>
    <Host Name="Workbook"/>
  </Hosts>

  <DefaultSettings>
    <SourceLocation DefaultValue="\\127.0.0.1\CleanHtmlExport\export.html"/>
  </DefaultSettings>
  <Permissions>ReadWriteDocument</Permissions>
</OfficeApp>